557Standards | 557Standards.pdf
Colorado | Colorado.pdf
FirehouseJazzBand | FirehouseJazzBand.pdf
JazzLTD | JazzLTD.pdf
KathyBook | KathyBook.pdf
SJCBookC2018 | SJCBookC2018.pdf
cbxmas | cbxmas.pdf
djangoinjune | djangoinjune.pdf
newrbk1C | newrbk1C.pdf
newrbk2C | newrbk2C.pdf
newrbk3C | newrbk3C.pdf
nrealbk1d | nrealbk1d.pdf
parkeromnibookbc | parkeromnibookbc.pdf
realbk1 | realbk1.pdf
realbk1h | realbk1h.pdf
realbk2 | realbk2.pdf
realbk2h | realbk2h.pdf
realbk3 | realbk3.pdf
realbk3h | realbk3h.pdf
realbk4h | realbk4h.pdf
realxmasC | realxmasC.pdf
sinatra101C | sinatra101C.pdf
standardsrbkC | standardsrbkC.pdf
swingjamC | swingjamC.pdf
