557Standards | 557Standards
Colorado | Colorado
FirehouseJazzBand | FirehouseJazzBand
JazzLTD | JazzLTD
KathyBook | KathyBook
SJCBookC2018 | SJCBookC2018
cbxmas | cbxmas
djangoinjune | djangoinjune
newrbk1C | newrbk1C
newrbk2C | newrbk2C
newrbk3C | newrbk3C
nrealbk1d | nrealbk1d
parkeromnibookbc | parkeromnibookbc
realbk1 | realbk1
realbk1h | realbk1h
realbk2 | realbk2
realbk2h | realbk2h
realbk3 | realbk3
realbk3h | realbk3h
realbk4h | realbk4h
realxmasC | realxmasC
sinatra101C | sinatra101C
standardsrbkC | standardsrbkC
swingjamC | swingjamC
