Colorado | Colorado.pdf
EvansBk | EvansBk.pdf
JazzFake | JazzFake.pdf
JazzLTD | JazzLTD.pdf
Library | Library.pdf
NewReal1 | NewReal1.pdf
NewReal2 | NewReal2.pdf
NewReal3 | NewReal3.pdf
RealBk1 | RealBk1.pdf
RealBk2 | RealBk2.pdf
RealBk3 | RealBk3.pdf
